<?xml version="1.0" encoding="utf-8"?>
<FSMVConfig>
  <ArrayOfFSMVTrigger>
    <!--
    This is an array of triggers that are available in the state machine.
    If you need a new trigger, add it here.
    Each trigger shall follow the name convention:
        Name: the unique name to use in the state machine for configuring states
        SequenceID: (in theory, it can be the same as the name). This is also unique
            and it identifies the name to use for the trigger in the sequences.
            (see the sequences definition file; E.g. sequences.xml)
        
        (alternative notation)
        CommonID: is used when the Name and the SequenceID have the same value to allow writing a single value.
    -->
    <FSMVTrigger>
      <Name>NameTrigger1</Name>
      <SequenceID>seq_trigger1</SequenceID>
    </FSMVTrigger>
    <FSMVTrigger>
      <Name>NameTrigger2</Name>
      <SequenceID>seq_trigger2</SequenceID>
    </FSMVTrigger>
    <FSMVTrigger>
      <Name>NameTrigger3</Name>
      <SequenceID>seq_trigger3</SequenceID>
    </FSMVTrigger>

    <!--Triggers with the same names as the sequence IDs.-->
    <FSMVTrigger>
      <CommonID>state_5.db_loading</CommonID>
    </FSMVTrigger>
    <FSMVTrigger>
      <CommonID>state_6.db_loaded</CommonID>
    </FSMVTrigger>

    <!-- Some triggers without attached sequences -->
    <FSMVTrigger>
      <Name>FinishedSuccessfully</Name>
      <SequenceID></SequenceID>
    </FSMVTrigger>
    <FSMVTrigger>
      <Name>FinishedWithAbort</Name>
      <SequenceID></SequenceID>
    </FSMVTrigger>
    <FSMVTrigger>
      <Name>ErrorEncountered</Name>
      <SequenceID></SequenceID>
    </FSMVTrigger>
    <FSMVTrigger>
      <Name>Reset</Name>
      <SequenceID></SequenceID>
    </FSMVTrigger>
  </ArrayOfFSMVTrigger>

  <!--
  This is an array of State Machine States.
  Each state machine should contain the following items:
      Name: the unique name by which to identify the state.
      ReentryUsingTrigger: OPTIONAL: specify a trigger that can be used to launch the same state again.
      ArrayOfAllowedTrigger: An array of combinations for triggers and the states that can be reached
          FROM this particular state.
      DefaultHandler: The callback function to call whenever the state is entered.
      This function should be callable from the context of the HostDeploymentState class.
          NOTE: NEEDS TO BE PUBLIC.
  -->
  <ArrayOfFSMVState>
    <FSMVState>
      <Name>WaitingForInput</Name>
      <ReentryUsingTrigger>Reset</ReentryUsingTrigger>
      <ArrayOfAllowedTrigger>
        <AllowedTrigger>
          <TriggerName>NameTrigger1</TriggerName>
          <StateName>State1</StateName>
        </AllowedTrigger>
      </ArrayOfAllowedTrigger>
      <DefaultHandler>CallbackFunctionOnReset</DefaultHandler>
    </FSMVState>

    <FSMVState>
      <Name>State1</Name>
      <Description>some description...</Description>
      <!--
      Define the triggers that can be launched FROM this state and the states that
      are reached by these triggers.
      -->
      <ArrayOfAllowedTrigger>
        <AllowedTrigger>
          <TriggerName>NameTrigger2</TriggerName>
          <StateName>State2</StateName>
        </AllowedTrigger>
        <AllowedTrigger>
          <StateAndTriggerName>state_5.db_loading</StateAndTriggerName>
        </AllowedTrigger>

        <!-- Allow the usual triggers to the usual states: user abort and error encountered.-->
        <AllowedTrigger>
          <StateAndTriggerName>FinishedWithAbort</StateAndTriggerName>
        </AllowedTrigger>
        <AllowedTrigger>
          <StateAndTriggerName>ErrorEncountered</StateAndTriggerName>
        </AllowedTrigger>
      </ArrayOfAllowedTrigger>

      <!-- The callback function to use. NOTE: NEEDS TO BE PUBLIC. -->
      <DefaultHandler>CallbackFunction1</DefaultHandler>
    </FSMVState>

    <FSMVState>
      <Name>State2</Name>
      <Description>something else...</Description>
      <ArrayOfAllowedTrigger>
        <AllowedTrigger>
          <TriggerName>NameTrigger3</TriggerName>
          <StateName>State3</StateName>
        </AllowedTrigger>

        <AllowedTrigger>
          <StateAndTriggerName>FinishedWithAbort</StateAndTriggerName>
        </AllowedTrigger>
        <AllowedTrigger>
          <StateAndTriggerName>ErrorEncountered</StateAndTriggerName>
        </AllowedTrigger>
      </ArrayOfAllowedTrigger>
      <DefaultHandler>CallbackFunction2</DefaultHandler>
    </FSMVState>

    <FSMVState>
      <Name>State3</Name>
      <Description>something else...</Description>
      <ArrayOfAllowedTrigger>
        <AllowedTrigger>
          <StateAndTriggerName>FinishedSuccessfully</StateAndTriggerName>
        </AllowedTrigger>
        <AllowedTrigger>
          <StateAndTriggerName>FinishedWithAbort</StateAndTriggerName>
        </AllowedTrigger>
        <AllowedTrigger>
          <StateAndTriggerName>ErrorEncountered</StateAndTriggerName>
        </AllowedTrigger>
      </ArrayOfAllowedTrigger>
      <DefaultHandler>CallbackFunction3</DefaultHandler>
    </FSMVState>

    <FSMVState>
      <Name>state_5.db_loading</Name>
      <Description>loading something from the db...</Description>
      <ArrayOfAllowedTrigger>
        <AllowedTrigger>
          <StateAndTriggerName>state_6.db_loaded</StateAndTriggerName>
        </AllowedTrigger>

        <AllowedTrigger>
          <StateAndTriggerName>FinishedWithAbort</StateAndTriggerName>
        </AllowedTrigger>
        <AllowedTrigger>
          <StateAndTriggerName>ErrorEncountered</StateAndTriggerName>
        </AllowedTrigger>
      </ArrayOfAllowedTrigger>
      <DefaultHandler>CallbackFunction5</DefaultHandler>
    </FSMVState>

    <FSMVState>
      <Name>state_6.db_loaded</Name>
      <Description>more db stuff...</Description>
      <ArrayOfAllowedTrigger>
        <AllowedTrigger>
          <StateAndTriggerName>FinishedSuccessfully</StateAndTriggerName>
        </AllowedTrigger>
        <AllowedTrigger>
          <StateAndTriggerName>FinishedWithAbort</StateAndTriggerName>
        </AllowedTrigger>
        <AllowedTrigger>
          <StateAndTriggerName>ErrorEncountered</StateAndTriggerName>
        </AllowedTrigger>
      </ArrayOfAllowedTrigger>
      <DefaultHandler>CallbackFunction6</DefaultHandler>
    </FSMVState>

    <FSMVState>
      <Name>ErrorEncountered</Name>
      <Description>error encountered</Description>
      <ReentryUsingTrigger>ErrorEncountered</ReentryUsingTrigger>
      <ArrayOfAllowedTrigger>
        <AllowedTrigger>
          <StateAndTriggerName>FinishedWithAbort</StateAndTriggerName>
        </AllowedTrigger>
        <AllowedTrigger>
          <TriggerName>Reset</TriggerName>
          <StateName>WaitingForInput</StateName>
        </AllowedTrigger>
      </ArrayOfAllowedTrigger>
      <DefaultHandler>CallbackFunctionOnErrorEncountered</DefaultHandler>
    </FSMVState>

    <FSMVState>
      <Name>FinishedWithAbort</Name>
      <Description>user abort</Description>
      <ArrayOfAllowedTrigger>
        <AllowedTrigger>
          <TriggerName>Reset</TriggerName>
          <StateName>WaitingForInput</StateName>
        </AllowedTrigger>
      </ArrayOfAllowedTrigger>
      <DefaultHandler>CallbackFunctionOnAborted</DefaultHandler>
    </FSMVState>

    <FSMVState>
      <Name>FinishedSuccessfully</Name>
      <Description>finished successfully</Description>
      <ArrayOfAllowedTrigger>
        <AllowedTrigger>
          <StateAndTriggerName>FinishedWithAbort</StateAndTriggerName>
        </AllowedTrigger>
        <AllowedTrigger>
          <TriggerName>Reset</TriggerName>
          <StateName>WaitingForInput</StateName>
        </AllowedTrigger>
      </ArrayOfAllowedTrigger>
      <DefaultHandler>CallbackFunctionOnFinishedSuccessfully</DefaultHandler>
    </FSMVState>
  </ArrayOfFSMVState>

  <!--
  Convenience parameters that identify the standard triggers to call whenever an error
  is encoutnered, or when a reset of the state machine (going back to some clean state)
  is triggered.
  -->
  <DefaultTriggerOnError>ErrorEncountered</DefaultTriggerOnError>
  <DefaultTriggerOnReset>Reset</DefaultTriggerOnReset>
</FSMVConfig>
